{"cameraMode":{"drawMode":0,"name":"Shaded","section":"Shading Mode"},"sceneLighting":true,"audioPlay":false,"sceneViewState":{"showFog":true,"showMaterialUpdate":true,"showSkybox":true,"showFlares":true,"showImageEffects":true,"showParticleSystems":true},"in2DMode":false,"pivot":{"x":13.641331672668457,"y":-22.857900619506837,"z":-0.019560396671295167},"rotation":{"x":0.33782216906547549,"y":0.6296151280403137,"z":-0.3516840636730194,"w":0.6047974228858948},"size":15.66683578491211,"orthographic":false}